student_id,study_hours_per_day,attendance_percentage,previous_score,assignments_completed,sleep_hours,parental_support,extra_curricular,internet_access,performance_level
1001,6.0,96.0,54,2,5.7,Low,Yes,No,At-Risk
1002,4.7,88.9,62,6,7.0,Low,Yes,Yes,At-Risk
1003,6.3,75.9,53,8,7.0,Medium,No,Yes,Average
1004,8.0,65.3,60,17,7.7,Medium,Yes,Yes,Good
1005,4.5,85.5,36,12,4.9,Low,No,No,At-Risk
1006,4.5,80.9,68,4,7.9,Medium,Yes,Yes,Good
1007,8.2,88.4,65,11,3.0,Medium,No,Yes,Good
1008,6.5,84.5,52,3,6.1,High,Yes,Yes,Good
1009,4.1,90.7,74,14,6.3,Medium,Yes,No,Good
1010,6.1,67.0,79,8,7.9,Low,Yes,Yes,Average
1011,4.1,94.8,40,9,7.0,Medium,Yes,No,Average
1012,4.1,78.0,53,15,4.9,High,Yes,Yes,Average
1013,5.5,100.0,53,4,5.5,Medium,No,Yes,At-Risk
1014,1.2,64.7,50,4,7.3,High,No,Yes,At-Risk
1015,1.6,100.0,77,7,6.9,Low,Yes,No,At-Risk
1016,3.9,78.0,62,14,6.1,Medium,Yes,Yes,Average
1017,3.0,65.2,61,3,6.3,Low,Yes,No,At-Risk
1018,5.6,67.7,34,0,8.0,Medium,Yes,Yes,At-Risk
1019,3.2,70.2,74,8,6.2,High,Yes,Yes,Average
1020,2.2,81.4,46,12,6.9,High,No,Yes,At-Risk
1021,7.9,82.8,65,14,10.0,Medium,No,Yes,Good
1022,4.5,66.4,69,8,4.9,Medium,No,Yes,At-Risk
1023,5.1,74.6,85,8,4.2,High,Yes,Yes,Average
1024,2.2,100.0,45,14,8.2,Medium,No,Yes,At-Risk
1025,3.9,100.0,20,2,6.0,Low,No,No,At-Risk
1026,5.2,81.5,67,8,6.5,Medium,Yes,Yes,At-Risk
1027,2.7,75.6,92,10,5.8,Low,Yes,Yes,Average
1028,5.8,76.8,83,11,6.6,Medium,No,Yes,Good
1029,3.8,84.2,68,7,9.4,Medium,Yes,Yes,Average
1030,4.4,59.7,57,10,8.2,Medium,Yes,Yes,Average
1031,3.8,71.1,77,0,8.3,Medium,Yes,Yes,At-Risk
1032,8.7,50.0,50,7,4.9,Low,No,Yes,At-Risk
1033,5.0,81.0,72,11,5.3,Medium,Yes,Yes,Average
1034,2.9,84.7,72,6,3.0,High,No,Yes,At-Risk
1035,6.6,67.8,80,10,5.8,Medium,No,Yes,Average
1036,2.6,98.6,100,11,8.4,Medium,No,Yes,Good
1037,5.4,56.6,70,8,7.8,High,Yes,Yes,Average
1038,1.1,53.0,57,10,6.7,High,No,Yes,At-Risk
1039,2.3,78.4,64,6,7.0,Low,Yes,Yes,At-Risk
1040,5.4,90.7,38,9,6.0,Low,Yes,Yes,At-Risk
1041,6.5,100.0,54,12,7.3,High,Yes,Yes,Good
1042,5.3,68.1,58,10,8.1,High,Yes,Yes,Good
1043,4.8,91.2,57,7,4.6,High,No,Yes,Average
1044,4.4,74.4,67,10,7.4,High,Yes,Yes,Good
1045,2.0,72.4,52,12,8.4,Medium,Yes,Yes,Average
1046,3.6,88.3,81,1,6.4,Medium,Yes,Yes,At-Risk
1047,4.1,84.8,65,14,8.1,Low,No,Yes,Average
1048,7.1,51.4,64,8,10.0,Low,No,No,Average
1049,5.7,97.1,60,11,6.8,Medium,No,Yes,Average
1050,1.5,95.7,67,14,7.6,Medium,Yes,Yes,At-Risk
1051,5.6,65.6,77,4,5.9,Medium,Yes,No,Average
1052,4.2,80.9,51,7,7.3,High,No,Yes,Average
1053,3.6,82.4,55,8,7.7,Medium,Yes,Yes,At-Risk
1054,6.2,78.9,60,6,7.3,Medium,Yes,Yes,Good
1055,7.1,66.7,44,16,5.5,Low,No,Yes,At-Risk
1056,6.9,64.9,52,6,7.3,Medium,Yes,Yes,Average
1057,3.3,74.6,57,7,9.2,High,No,No,Average
1058,4.4,92.6,78,10,7.7,Medium,Yes,Yes,Average
1059,5.7,83.2,68,5,8.4,High,Yes,Yes,Good
1060,7.0,69.4,67,8,6.6,Medium,Yes,Yes,Average
1061,4.0,86.6,77,11,8.1,Medium,Yes,Yes,Good
1062,4.6,32.3,62,8,7.4,Medium,No,Yes,At-Risk
1063,2.8,92.2,70,9,5.6,Medium,No,No,At-Risk
1064,2.6,48.9,63,7,7.5,High,Yes,No,At-Risk
1065,6.6,69.6,68,3,5.5,Medium,Yes,Yes,Average
1066,7.7,58.2,56,11,6.1,High,No,No,Good
1067,4.9,55.6,28,17,7.3,Low,No,Yes,At-Risk
1068,7.0,92.4,62,10,7.4,High,Yes,Yes,Good
1069,5.7,68.0,86,10,5.2,Low,Yes,Yes,At-Risk
1070,3.7,80.2,78,12,8.6,High,Yes,Yes,Good
1071,5.7,74.3,79,4,7.9,Medium,No,Yes,Good
1072,8.1,82.2,83,16,5.9,Medium,No,Yes,Good
1073,4.9,76.2,66,10,4.7,Medium,Yes,Yes,Average
1074,8.1,55.8,67,16,6.8,High,No,Yes,Good
1075,0.0,89.9,55,7,6.3,Low,Yes,Yes,At-Risk
1076,6.6,67.6,60,17,7.2,Medium,Yes,No,Good
1077,5.2,51.7,74,13,6.5,High,Yes,Yes,Good
1078,4.4,68.6,83,12,4.0,Medium,No,Yes,Average
1079,5.2,97.5,62,10,6.4,Low,Yes,Yes,Average
1080,1.0,87.8,58,9,6.5,Medium,Yes,Yes,At-Risk
1081,4.6,69.8,65,14,8.0,Medium,Yes,Yes,Average
1082,5.7,69.8,74,10,6.0,High,Yes,Yes,Good
1083,8.0,70.2,43,2,9.5,High,Yes,Yes,Good
1084,4.0,100.0,30,5,4.1,Medium,No,Yes,At-Risk
1085,3.4,80.7,56,9,9.0,High,Yes,Yes,Average
1086,4.0,81.5,46,11,6.7,Medium,No,Yes,At-Risk
1087,6.8,90.5,57,9,8.3,Low,Yes,Yes,Average
1088,5.7,78.6,62,14,7.1,Medium,Yes,Yes,Good
1089,3.9,71.1,58,2,8.7,Medium,Yes,Yes,At-Risk
1090,6.0,72.1,86,10,6.4,Low,Yes,Yes,Average
1091,5.2,73.9,69,2,5.4,High,Yes,Yes,Average
1092,6.9,74.4,69,13,9.1,High,Yes,No,Good
1093,3.6,85.9,74,9,6.8,Medium,No,Yes,At-Risk
1094,4.3,75.8,47,11,7.3,Medium,No,Yes,At-Risk
1095,4.2,86.0,80,6,8.9,High,Yes,Yes,Good
1096,2.1,73.8,63,15,5.5,High,Yes,Yes,At-Risk
1097,5.6,76.2,75,14,7.9,High,Yes,Yes,Good
1098,5.5,45.0,48,12,6.1,Medium,Yes,No,At-Risk
1099,5.0,88.7,41,9,6.8,High,Yes,No,Average
1100,4.5,80.2,77,12,7.1,Medium,No,Yes,Good
1101,2.2,90.0,70,7,4.7,Medium,Yes,Yes,At-Risk
1102,4.2,31.6,51,13,5.8,Low,Yes,Yes,At-Risk
1103,4.3,100.0,51,16,9.0,Low,Yes,Yes,Average
1104,3.4,72.9,81,14,8.3,Medium,Yes,Yes,Good
1105,4.7,91.6,47,7,6.9,Medium,No,Yes,At-Risk
1106,5.8,59.4,89,11,7.4,Low,Yes,Yes,Good
1107,8.8,84.2,51,4,6.6,High,Yes,Yes,Average
1108,5.3,59.2,74,12,9.0,Low,No,Yes,Average
1109,5.5,65.6,60,11,6.7,Medium,Yes,Yes,Good
1110,4.9,100.0,74,2,7.3,Medium,No,Yes,Average
1111,1.2,72.1,56,5,8.7,High,No,Yes,At-Risk
1112,4.9,78.3,62,8,5.8,Medium,Yes,No,Average
1113,5.1,88.1,65,8,9.3,Low,No,Yes,Average
1114,9.9,82.4,49,5,4.7,Medium,Yes,Yes,Good
1115,4.6,77.3,76,11,9.4,High,Yes,Yes,Good
1116,5.6,80.5,57,11,6.4,High,Yes,Yes,Average
1117,4.9,100.0,61,9,6.6,Medium,Yes,Yes,Good
1118,2.7,74.1,50,6,4.2,Medium,No,Yes,At-Risk
1119,7.3,78.0,26,14,6.3,High,No,No,Average
1120,6.5,90.8,62,16,5.4,Low,No,Yes,Good
1121,6.6,91.6,100,8,6.1,Medium,No,Yes,Good
1122,3.2,92.8,76,7,6.8,Medium,Yes,Yes,Average
1123,7.8,84.6,64,11,8.4,Low,Yes,No,Good
1124,2.2,57.9,61,8,7.3,Medium,Yes,Yes,At-Risk
1125,6.2,99.5,65,9,7.5,Medium,Yes,No,Good
1126,9.4,57.8,73,12,5.4,Medium,Yes,No,Good
1127,3.0,79.5,47,2,5.7,High,No,Yes,At-Risk
1128,3.9,63.7,81,15,9.7,Medium,Yes,No,Good
1129,5.2,74.0,75,10,5.9,High,Yes,No,Average
1130,4.0,79.9,75,8,9.5,Low,Yes,Yes,Average
1131,1.9,79.8,71,9,6.6,Medium,No,Yes,Average
1132,5.1,81.3,65,9,7.0,Low,No,Yes,Average
1133,2.9,99.2,75,3,8.6,High,No,Yes,Good
1134,5.9,81.8,73,15,8.9,High,Yes,Yes,Good
1135,3.2,71.3,59,10,6.8,Medium,No,Yes,At-Risk
1136,8.1,89.5,56,11,6.4,High,Yes,Yes,Good
1137,3.4,92.8,66,13,6.9,Medium,No,Yes,Average
1138,4.4,56.6,88,5,7.5,High,Yes,Yes,Average
1139,6.6,84.0,46,11,8.3,High,Yes,No,Good
1140,2.5,85.5,42,8,7.0,High,Yes,Yes,At-Risk
1141,5.5,70.5,67,13,7.9,Medium,No,Yes,Good
1142,7.6,95.6,65,1,9.5,Low,Yes,Yes,Good
1143,1.8,72.7,67,9,7.6,Medium,No,Yes,At-Risk
1144,5.4,76.9,68,7,7.5,Low,Yes,No,Average
1145,5.5,72.4,61,11,4.7,Medium,Yes,Yes,At-Risk
1146,6.6,75.2,87,11,3.1,Medium,Yes,Yes,Good
1147,2.5,58.6,40,7,7.6,Medium,Yes,No,At-Risk
1148,2.4,53.4,52,7,6.9,Low,Yes,No,At-Risk
1149,6.0,98.9,63,9,6.2,Low,Yes,Yes,At-Risk
1150,5.6,62.3,40,6,7.4,Medium,No,Yes,At-Risk
1151,5.5,60.1,62,13,6.9,High,Yes,Yes,Good
1152,5.7,42.7,89,8,8.7,Medium,No,Yes,Average
1153,3.6,65.4,65,0,7.1,Medium,No,Yes,At-Risk
1154,5.5,55.2,68,8,5.9,High,No,Yes,Average
1155,5.6,99.6,46,5,8.5,Medium,Yes,No,Average
1156,3.6,90.1,55,3,6.7,Medium,Yes,Yes,At-Risk
1157,8.7,64.7,59,5,7.8,Medium,Yes,Yes,Good
1158,5.9,100.0,60,10,6.3,Low,No,No,Average
1159,2.6,89.7,84,15,6.0,High,No,Yes,Average
1160,6.3,70.1,73,11,7.1,Low,Yes,No,At-Risk
1161,3.1,37.5,48,7,7.0,Medium,Yes,No,At-Risk
1162,6.6,100.0,68,11,7.7,Low,No,Yes,Good
1163,7.3,54.2,72,8,6.6,Low,Yes,Yes,Average
1164,3.4,50.3,82,7,4.2,High,No,Yes,At-Risk
1165,6.9,90.3,88,5,6.4,Low,Yes,Yes,Good
1166,5.8,100.0,49,2,8.2,Low,No,Yes,At-Risk
1167,6.6,95.8,52,8,6.6,Medium,Yes,Yes,Average
1168,8.8,83.5,46,10,6.6,Low,Yes,No,Average
1169,4.5,83.9,61,9,8.5,Low,No,Yes,At-Risk
1170,3.5,87.8,71,8,5.9,High,No,Yes,Average
1171,3.2,86.4,79,6,4.7,High,Yes,Yes,Average
1172,3.4,79.2,63,12,6.8,High,Yes,Yes,Average
1173,4.8,76.6,60,4,6.3,High,No,No,Average
1174,5.7,74.1,67,13,5.6,Medium,No,Yes,Good
1175,5.6,63.7,52,5,6.7,Low,No,Yes,At-Risk
1176,6.7,70.8,96,6,7.7,High,No,Yes,Good
1177,5.0,49.6,40,4,7.0,High,Yes,Yes,At-Risk
1178,7.9,73.5,67,7,7.5,High,Yes,Yes,Good
1179,4.5,60.2,95,13,9.7,Medium,No,Yes,Good
1180,10.4,58.4,65,12,6.5,Low,No,Yes,Good
1181,6.3,77.7,62,13,7.4,High,Yes,No,Good
1182,3.3,95.9,59,12,6.2,High,Yes,No,Good
1183,2.9,88.8,62,5,5.7,High,No,Yes,At-Risk
1184,6.0,51.4,85,8,6.1,Low,Yes,No,At-Risk
1185,4.6,60.2,31,6,6.3,Low,Yes,Yes,At-Risk
1186,6.4,89.1,88,15,7.5,Low,Yes,Yes,Good
1187,5.9,60.3,43,5,10.0,High,No,Yes,Good
1188,4.9,71.6,61,13,5.9,Low,No,Yes,At-Risk
1189,3.3,83.3,58,13,6.4,Low,Yes,Yes,At-Risk
1190,2.0,60.5,73,17,6.9,High,No,Yes,Average
1191,4.1,76.6,41,8,7.6,Low,No,Yes,At-Risk
1192,6.7,55.0,71,12,7.4,High,Yes,Yes,Good
1193,5.4,66.0,95,19,8.9,Medium,No,Yes,Good
1194,2.5,79.8,44,7,3.4,High,Yes,Yes,At-Risk
1195,5.3,51.1,67,3,3.4,Medium,Yes,No,At-Risk
1196,5.8,81.6,55,2,6.3,High,Yes,Yes,At-Risk
1197,3.2,74.7,71,12,8.6,High,Yes,Yes,Average
1198,5.3,83.3,65,2,4.7,Low,Yes,Yes,At-Risk
1199,5.1,78.4,55,8,3.0,Low,No,Yes,At-Risk
1200,2.7,95.5,72,11,7.9,Medium,No,Yes,Average
1201,5.7,76.9,92,10,7.4,Medium,No,Yes,Good
1202,6.1,68.6,62,11,5.4,High,Yes,No,Average
1203,7.2,76.8,75,10,5.5,Medium,Yes,Yes,Good
1204,7.1,83.1,45,15,5.5,Medium,Yes,No,Good
1205,2.2,75.7,50,6,7.2,Low,Yes,Yes,At-Risk
1206,3.1,75.6,72,7,6.1,High,Yes,Yes,At-Risk
1207,6.0,64.5,87,6,7.7,High,No,No,Average
1208,6.0,65.1,70,13,3.0,Medium,No,Yes,Average
1209,6.0,54.0,60,13,5.7,Medium,Yes,Yes,Average
1210,12.0,100.0,64,11,5.3,Low,Yes,Yes,Good
1211,6.1,56.3,46,14,6.6,Medium,No,No,Average
1212,7.3,64.6,74,5,6.2,Medium,Yes,Yes,Good
1213,6.9,64.2,78,16,8.2,Low,No,Yes,Good
1214,6.3,88.4,58,16,4.2,Medium,No,Yes,Good
1215,4.4,70.6,57,12,7.1,Medium,No,No,Average
1216,6.5,93.7,68,17,7.8,Medium,Yes,Yes,Good
1217,3.5,64.9,58,3,9.8,Medium,No,Yes,At-Risk
1218,4.5,79.2,64,7,6.3,Low,Yes,Yes,At-Risk
1219,4.0,62.5,96,7,7.5,High,No,Yes,Good
1220,5.2,100.0,61,12,4.3,High,Yes,Yes,Good
1221,9.6,57.2,59,5,3.4,Medium,Yes,Yes,Average
1222,1.3,79.6,55,13,8.3,Low,Yes,Yes,At-Risk
1223,6.4,84.5,76,15,7.0,High,Yes,Yes,Good
1224,1.8,81.2,62,12,8.8,High,No,No,Average
1225,4.1,72.2,55,11,4.9,Low,No,Yes,At-Risk
1226,7.2,73.1,84,6,7.8,Medium,No,No,Good
1227,5.1,75.7,86,6,9.8,Low,Yes,Yes,Average
1228,2.8,72.8,55,14,7.6,Medium,No,No,At-Risk
1229,3.6,89.5,37,13,7.4,Low,Yes,Yes,At-Risk
1230,6.4,100.0,80,9,7.0,Medium,No,Yes,Good
1231,3.5,66.6,54,8,4.6,Medium,No,No,At-Risk
1232,5.4,54.5,76,1,9.0,Medium,Yes,No,Average
1233,5.1,73.7,35,5,6.1,Medium,No,Yes,At-Risk
1234,3.7,100.0,78,17,7.8,Medium,Yes,Yes,Good
1235,9.3,62.9,46,4,4.7,Medium,Yes,Yes,Average
1236,6.3,99.6,75,10,5.2,Low,Yes,Yes,Average
1237,0.9,100.0,65,14,9.2,Low,Yes,Yes,At-Risk
1238,5.4,66.7,50,4,6.5,High,No,Yes,At-Risk
1239,3.7,83.5,58,10,9.2,Low,Yes,No,At-Risk
1240,6.7,99.4,75,13,6.9,High,Yes,Yes,Good
1241,3.4,69.3,66,10,4.2,High,No,Yes,At-Risk
1242,4.8,71.9,73,20,8.3,Medium,No,Yes,Average
1243,6.0,66.3,94,3,6.1,Medium,No,Yes,Average
1244,6.7,59.8,41,14,8.0,Medium,No,Yes,Average
1245,2.6,65.3,89,9,7.0,High,No,Yes,Good
1246,4.3,56.6,66,13,4.7,High,Yes,Yes,At-Risk
1247,4.1,75.5,51,11,7.2,High,Yes,No,Average
1248,3.7,63.5,45,7,10.0,Low,Yes,Yes,At-Risk
1249,8.5,78.5,62,10,7.7,Medium,Yes,Yes,Good
1250,5.8,51.7,78,2,6.9,Medium,No,Yes,Average
1251,2.5,80.0,63,12,8.6,Medium,Yes,No,At-Risk
1252,6.8,87.5,87,11,7.3,Low,No,Yes,Good
1253,9.2,45.1,43,12,7.3,Low,Yes,Yes,Average
1254,7.1,80.6,64,14,5.4,High,Yes,Yes,Good
1255,2.0,93.4,46,11,7.4,Medium,Yes,No,Average
1256,4.0,56.9,70,10,8.6,Medium,No,Yes,Average
1257,7.5,100.0,78,6,5.7,Medium,No,Yes,Good
1258,3.6,81.3,58,7,9.1,High,No,No,Average
1259,5.9,64.4,25,14,6.9,High,Yes,Yes,At-Risk
1260,6.5,74.2,67,15,5.7,Medium,No,Yes,Good
1261,3.1,83.4,71,9,8.5,Low,Yes,Yes,Average
1262,4.9,76.1,71,10,6.6,Medium,Yes,Yes,Average
1263,0.0,83.1,83,6,8.1,High,No,Yes,Average
1264,3.0,61.2,48,14,6.6,Medium,Yes,Yes,At-Risk
1265,4.5,77.5,75,12,6.9,Medium,No,Yes,Good
1266,2.5,53.8,82,17,7.7,Medium,Yes,Yes,Average
1267,8.3,73.3,38,6,7.4,Medium,No,No,Average
1268,2.1,61.4,69,8,4.0,High,No,Yes,At-Risk
1269,4.1,64.0,57,10,5.3,Medium,Yes,Yes,Average
1270,5.3,93.5,63,12,8.4,Low,No,Yes,At-Risk
1271,7.9,91.4,70,9,6.8,Low,Yes,Yes,Average
1272,2.1,84.1,57,6,6.2,Medium,No,Yes,At-Risk
1273,7.3,58.6,54,13,5.0,High,Yes,Yes,Average
1274,5.0,70.3,65,12,5.4,Medium,Yes,No,Average
1275,3.0,93.2,48,6,4.0,High,Yes,Yes,At-Risk
1276,5.9,77.1,48,15,6.8,High,Yes,No,Average
1277,5.4,100.0,75,14,6.1,Low,No,No,Average
1278,3.8,80.9,47,10,5.6,Low,Yes,Yes,At-Risk
1279,5.1,77.9,74,10,6.9,Low,Yes,Yes,Average
1280,4.2,70.4,71,12,7.5,High,Yes,No,Average
1281,5.2,77.0,39,6,10.0,Low,Yes,No,Average
1282,6.3,72.7,54,10,4.7,Medium,No,Yes,At-Risk
1283,8.2,85.6,82,1,8.7,Medium,No,Yes,Good
1284,2.5,89.4,50,13,8.5,High,Yes,Yes,Average
1285,9.3,63.2,58,3,5.8,Low,No,No,Average
1286,1.1,55.0,71,16,7.3,Medium,No,Yes,At-Risk
1287,4.7,47.5,76,8,6.3,Medium,Yes,Yes,Average
1288,6.2,82.6,61,9,7.3,Medium,No,No,At-Risk
1289,5.6,58.4,56,7,9.3,High,Yes,Yes,Good
1290,3.8,42.7,86,8,7.9,Low,No,Yes,At-Risk
1291,4.6,80.8,91,15,7.8,High,No,Yes,Good
1292,4.0,100.0,79,0,6.4,Medium,Yes,No,Average
1293,3.8,74.9,66,15,4.8,Medium,No,Yes,At-Risk
1294,6.7,87.6,52,11,6.7,Medium,No,Yes,Good
1295,5.7,76.2,52,5,8.8,Medium,Yes,Yes,Average
1296,3.6,73.5,72,5,4.7,Low,No,Yes,At-Risk
1297,6.8,88.8,71,16,5.4,Medium,Yes,Yes,Good
1298,5.6,70.6,86,6,7.2,Medium,No,Yes,Average
1299,6.6,79.0,74,5,5.5,Medium,No,Yes,Average
1300,6.3,79.8,42,14,5.8,Medium,Yes,No,Average
1301,3.3,65.0,80,11,6.4,High,Yes,No,Average
1302,3.9,89.9,50,6,5.0,Medium,No,Yes,At-Risk
1303,6.5,72.4,59,10,5.5,Low,Yes,Yes,Average
1304,6.2,63.7,68,5,8.1,Medium,Yes,Yes,Average
1305,5.0,83.0,94,14,5.0,High,Yes,No,Good
1306,5.2,61.5,100,14,4.6,High,Yes,Yes,Good
1307,7.6,75.4,74,12,6.1,Medium,Yes,Yes,Good
1308,3.8,74.9,62,11,8.1,High,Yes,Yes,At-Risk
1309,6.1,91.3,73,17,6.7,Medium,Yes,Yes,Good
1310,4.6,82.1,78,9,6.3,Medium,No,Yes,Average
1311,4.6,74.6,60,5,7.1,High,Yes,Yes,Average
1312,7.2,87.3,91,11,4.4,High,Yes,Yes,Good
1313,6.7,95.9,68,18,7.7,Medium,Yes,Yes,Good
1314,6.6,83.4,72,5,7.6,High,No,Yes,Good
1315,7.6,75.2,74,8,6.4,Low,Yes,Yes,Good
1316,5.0,55.3,71,11,8.5,High,Yes,Yes,Good
1317,6.4,59.0,77,9,5.3,Medium,Yes,Yes,Average
1318,4.4,70.4,55,6,8.7,Low,No,Yes,At-Risk
1319,5.6,65.9,56,14,7.2,Low,No,Yes,At-Risk
1320,4.7,72.2,48,19,6.5,Medium,No,Yes,Average
1321,5.2,75.8,71,10,7.0,Medium,No,Yes,Average
1322,6.2,82.9,76,6,6.8,Medium,No,Yes,Average
1323,3.4,73.9,71,3,8.8,Low,Yes,Yes,Average
1324,9.2,82.3,90,11,5.4,Medium,No,No,Good
1325,3.0,76.0,64,14,5.9,Medium,Yes,Yes,Average
1326,2.6,45.4,75,11,8.6,Medium,No,Yes,Average
1327,7.3,60.9,48,9,6.1,Medium,No,Yes,Average
1328,6.6,72.8,59,7,8.4,High,Yes,Yes,Good
1329,6.2,56.9,75,5,9.5,High,Yes,Yes,Good
1330,6.3,84.0,77,13,6.4,High,Yes,Yes,Good
1331,5.0,98.0,60,13,8.0,Medium,No,Yes,Good
1332,3.2,93.3,63,3,5.3,High,No,Yes,At-Risk
1333,5.2,71.8,42,16,8.1,Low,No,Yes,At-Risk
1334,3.6,97.4,59,12,7.3,Low,Yes,No,Average
1335,7.0,77.2,78,15,7.7,Medium,No,No,Good
1336,4.7,69.9,73,4,6.0,High,No,Yes,Average
1337,3.3,65.8,72,4,4.5,Low,No,Yes,At-Risk
1338,4.4,70.5,65,9,7.8,Low,Yes,Yes,At-Risk
1339,5.8,69.2,65,12,3.9,Low,Yes,Yes,At-Risk
1340,3.9,77.6,55,17,6.5,High,No,Yes,Average
1341,3.4,77.4,75,12,8.4,Medium,No,Yes,Average
1342,5.5,75.0,71,9,7.3,Medium,No,Yes,Average
1343,5.5,81.6,72,5,9.9,Medium,Yes,Yes,Good
1344,4.0,92.9,57,14,8.5,Medium,Yes,Yes,Average
1345,4.1,89.2,32,6,6.0,Medium,No,Yes,At-Risk
1346,5.5,52.7,81,16,7.0,Low,Yes,No,Average
1347,2.1,36.7,57,8,6.9,High,No,Yes,At-Risk
1348,2.2,89.0,52,16,4.6,Medium,Yes,Yes,At-Risk
1349,3.6,54.5,75,12,5.6,Medium,Yes,Yes,At-Risk
1350,4.6,71.6,59,9,6.2,Low,No,Yes,At-Risk
1351,5.6,57.4,80,7,3.9,Medium,No,Yes,At-Risk
1352,8.0,48.0,74,8,7.1,Medium,Yes,Yes,Good
1353,6.7,83.1,75,11,6.6,Medium,Yes,Yes,Good
1354,4.7,86.4,44,10,4.5,Low,No,Yes,At-Risk
1355,5.0,66.4,83,7,7.6,High,Yes,Yes,Good
1356,3.0,36.1,68,9,8.1,Low,No,Yes,At-Risk
1357,5.0,66.8,59,10,7.3,Medium,Yes,Yes,At-Risk
1358,4.4,80.9,67,1,6.5,High,No,Yes,At-Risk
1359,5.6,52.8,38,11,7.9,Medium,No,Yes,At-Risk
1360,3.3,77.8,71,6,8.0,High,No,Yes,Average
1361,6.0,74.8,49,5,7.5,Medium,Yes,No,Average
1362,8.1,83.7,44,3,5.8,Medium,No,Yes,Average
1363,4.8,76.8,42,2,7.4,High,Yes,Yes,At-Risk
1364,5.8,60.4,81,4,8.8,Medium,Yes,Yes,Good
1365,6.4,92.9,55,7,6.1,Medium,No,No,Average
1366,4.2,72.6,88,17,10.0,High,No,No,Good
1367,5.4,74.6,56,7,6.2,Medium,No,Yes,Average
1368,5.0,61.0,39,10,7.0,Medium,Yes,Yes,At-Risk
1369,5.2,68.4,48,11,6.0,Medium,Yes,Yes,At-Risk
1370,3.5,61.7,83,10,7.3,High,Yes,Yes,Good
1371,5.0,72.4,62,9,4.4,High,No,Yes,Average
1372,6.0,100.0,56,5,6.2,Medium,No,Yes,Average
1373,7.9,54.4,67,15,5.4,Medium,Yes,Yes,Good
1374,6.9,50.8,72,17,7.2,High,No,Yes,Good
1375,9.3,97.1,81,3,8.5,Low,Yes,No,Good
1376,3.5,71.9,86,5,8.0,Low,Yes,Yes,At-Risk
1377,6.7,65.0,59,8,3.4,High,Yes,Yes,Good
1378,5.4,90.6,45,6,10.0,High,Yes,Yes,Good
1379,9.4,65.9,58,12,7.4,High,Yes,No,Good
1380,3.4,100.0,68,7,5.8,Medium,No,No,Average
1381,3.3,85.2,50,18,7.2,Low,Yes,Yes,At-Risk
1382,3.8,67.7,50,14,7.3,Medium,No,Yes,At-Risk
1383,0.8,100.0,70,10,6.0,Low,Yes,No,At-Risk
1384,3.9,65.9,64,14,7.3,Medium,No,Yes,At-Risk
1385,3.5,86.1,65,14,6.1,High,No,Yes,Average
1386,5.3,79.5,53,7,6.4,Low,No,Yes,At-Risk
1387,5.7,94.5,61,6,6.0,High,Yes,Yes,Average
1388,8.8,98.4,51,10,4.9,Medium,No,Yes,Good
1389,6.9,75.5,78,13,7.2,Medium,No,No,Good
1390,3.8,63.7,80,10,7.9,Low,Yes,Yes,At-Risk
1391,3.2,81.9,37,3,7.8,Medium,Yes,Yes,At-Risk
1392,6.0,64.8,51,6,8.2,Low,Yes,Yes,Average
1393,2.4,100.0,42,9,7.5,High,No,Yes,At-Risk
1394,8.7,77.0,55,9,6.2,High,Yes,Yes,Good
1395,7.4,69.5,63,17,8.3,Medium,Yes,Yes,Good
1396,4.1,77.8,43,4,5.0,Low,Yes,Yes,At-Risk
1397,1.6,54.8,51,12,5.6,High,Yes,Yes,At-Risk
1398,7.7,60.4,49,15,5.6,Medium,No,Yes,Average
1399,4.8,93.0,68,19,8.6,Low,Yes,Yes,Good
1400,7.5,65.1,66,8,8.4,Medium,No,No,Good
1401,1.8,59.3,54,11,7.7,High,No,Yes,At-Risk
1402,3.8,83.0,67,12,8.6,Low,Yes,Yes,Average
1403,5.0,92.8,56,10,5.7,Low,No,Yes,At-Risk
1404,5.1,85.8,60,9,7.5,High,Yes,Yes,Good
1405,4.1,89.9,90,11,6.8,Low,No,Yes,Average
1406,6.2,63.6,85,0,8.3,Low,Yes,Yes,Average
1407,2.9,53.7,45,12,6.8,Medium,No,Yes,At-Risk
1408,4.7,97.5,77,10,6.4,High,Yes,Yes,Good
1409,5.2,70.2,77,9,7.8,Medium,Yes,Yes,Average
1410,6.0,71.2,47,18,8.3,High,No,Yes,Good
1411,6.4,94.9,77,7,6.0,Medium,Yes,Yes,Good
1412,2.8,83.3,88,8,6.9,Low,No,Yes,Average
1413,1.9,81.8,48,17,5.4,High,Yes,Yes,At-Risk
1414,7.6,100.0,51,6,3.3,Medium,No,Yes,Good
1415,5.7,65.3,80,7,7.3,Medium,Yes,Yes,Good
1416,3.5,88.9,69,9,7.9,Medium,No,Yes,Average
1417,8.1,75.9,73,13,7.4,Medium,Yes,Yes,Good
1418,5.2,79.0,70,10,4.1,Low,Yes,Yes,At-Risk
1419,7.4,97.9,70,4,6.5,Low,Yes,No,Average
1420,5.1,82.6,45,7,3.7,Medium,No,No,At-Risk
1421,9.1,83.1,80,7,9.1,High,Yes,Yes,Good
1422,8.5,91.1,82,9,5.4,Medium,No,Yes,Good
1423,4.5,69.5,61,11,8.9,High,No,Yes,Average
1424,6.9,62.4,64,11,8.4,Medium,Yes,Yes,Good
1425,6.3,59.3,42,2,5.6,Medium,No,Yes,At-Risk
1426,7.7,45.5,72,14,5.3,Low,Yes,Yes,Good
1427,3.1,100.0,73,11,7.5,Low,Yes,Yes,At-Risk
1428,6.4,58.5,64,15,5.7,Medium,No,No,Average
1429,7.1,71.7,81,11,7.2,High,No,Yes,Good
1430,1.5,70.8,59,14,6.3,High,No,No,At-Risk
1431,2.6,79.6,73,11,4.3,High,Yes,Yes,At-Risk
1432,0.9,87.2,49,15,3.7,Low,Yes,Yes,At-Risk
1433,4.5,87.9,64,12,7.3,High,Yes,Yes,Average
1434,6.4,66.3,62,9,6.2,Medium,No,Yes,Average
1435,8.0,72.5,68,19,6.2,Low,Yes,Yes,Good
1436,5.1,79.2,59,13,8.0,High,No,Yes,Good
1437,8.3,71.3,63,12,8.8,Medium,Yes,Yes,Good
1438,2.2,99.1,77,4,6.6,Low,Yes,Yes,Average
1439,1.6,82.4,58,4,6.5,Medium,Yes,No,At-Risk
1440,4.9,86.0,40,11,7.8,Medium,Yes,Yes,At-Risk
1441,5.8,84.9,91,10,5.0,High,Yes,No,Good
1442,4.9,92.6,85,7,7.3,Medium,No,Yes,Good
1443,0.9,77.7,45,10,7.8,High,No,Yes,At-Risk
1444,4.8,55.5,75,16,8.0,Low,Yes,Yes,Average
1445,2.4,81.0,57,12,4.1,Medium,Yes,Yes,At-Risk
1446,6.3,65.2,68,5,5.9,Medium,Yes,No,Average
1447,5.7,67.1,69,9,5.7,Medium,No,Yes,Average
1448,3.1,83.8,61,6,7.1,Medium,Yes,Yes,At-Risk
1449,4.0,93.6,53,8,7.7,High,No,Yes,Average
1450,2.9,75.3,54,8,9.2,High,Yes,Yes,Average
1451,4.9,79.6,51,8,6.3,High,Yes,Yes,Average
1452,6.9,100.0,52,4,6.3,High,No,Yes,Good
1453,3.0,78.6,63,9,8.7,High,Yes,Yes,Average
1454,6.0,100.0,54,7,7.4,Medium,No,Yes,Average
1455,3.9,83.5,75,0,8.9,High,Yes,No,Good
1456,3.4,48.6,87,18,7.4,Medium,Yes,Yes,Good
1457,4.8,86.3,56,14,5.3,Medium,Yes,Yes,Average
1458,2.9,80.7,68,8,5.0,Medium,No,Yes,At-Risk
1459,3.9,94.3,72,10,4.7,Medium,No,Yes,Average
1460,2.6,85.1,72,5,8.0,Medium,Yes,Yes,At-Risk
1461,8.9,72.9,66,16,8.8,High,No,Yes,Good
1462,5.1,56.6,76,17,9.8,Medium,Yes,Yes,Good
1463,3.6,71.9,72,10,8.3,Low,Yes,Yes,Average
1464,5.4,62.2,46,14,8.7,Medium,Yes,Yes,Average
1465,4.8,66.3,78,10,6.1,Low,Yes,Yes,Average
1466,4.6,83.8,78,4,5.3,Low,Yes,Yes,At-Risk
1467,6.2,100.0,53,8,8.3,Low,No,Yes,Average
1468,6.5,80.9,65,10,7.6,Medium,Yes,No,Good
1469,3.9,57.1,75,8,7.2,Medium,Yes,Yes,At-Risk
1470,3.8,81.7,61,9,7.6,High,Yes,No,Average
1471,4.4,92.9,81,9,7.5,High,No,Yes,Good
1472,0.4,65.9,100,9,8.9,Medium,No,Yes,At-Risk
1473,2.0,73.0,53,10,8.9,Medium,Yes,Yes,At-Risk
1474,7.7,75.2,44,5,7.8,Medium,Yes,Yes,Average
1475,8.3,63.2,69,7,8.3,High,Yes,Yes,Good
1476,4.5,84.7,75,4,7.8,Low,Yes,Yes,Average
1477,6.2,73.2,61,13,6.3,Low,Yes,No,Average
1478,5.6,81.3,86,1,8.1,High,Yes,Yes,Good
1479,11.2,61.7,44,14,4.9,Medium,Yes,Yes,Good
1480,7.2,68.4,75,15,8.6,Low,Yes,Yes,Good
1481,4.7,85.8,55,8,5.2,Low,Yes,Yes,Average
1482,3.1,69.4,90,0,7.4,High,No,Yes,Average
1483,1.8,100.0,94,8,5.7,High,No,Yes,Average
1484,5.4,69.0,53,9,7.8,High,No,Yes,Average
1485,3.5,78.4,56,5,6.9,Medium,Yes,Yes,At-Risk
1486,2.2,89.0,77,7,4.6,Medium,Yes,No,At-Risk
1487,3.7,53.7,59,16,7.6,High,Yes,Yes,Average
1488,2.8,48.6,64,12,6.1,High,No,Yes,At-Risk
1489,8.4,52.1,65,6,8.3,Low,Yes,No,At-Risk
1490,6.8,93.9,36,3,7.0,High,No,Yes,Average
1491,5.0,66.7,64,8,7.6,Low,No,Yes,Average
1492,8.0,100.0,54,9,5.6,Low,Yes,Yes,Good
1493,5.2,66.5,57,11,6.1,Medium,No,Yes,At-Risk
1494,3.3,77.8,86,7,6.3,Medium,Yes,Yes,Average
1495,8.0,98.1,46,12,8.3,High,Yes,Yes,Good
1496,6.1,100.0,77,17,9.5,Low,Yes,Yes,Good
1497,2.9,100.0,60,13,5.8,Medium,Yes,Yes,Average
1498,4.6,93.1,60,9,8.6,High,No,Yes,Good
1499,3.2,90.4,76,9,3.7,High,Yes,No,At-Risk
1500,2.2,83.9,70,8,5.2,Low,Yes,Yes,At-Risk
1501,6.9,86.7,73,14,5.6,Medium,No,Yes,Good
1502,8.8,66.7,79,7,5.0,Medium,No,Yes,Good
1503,2.2,62.7,60,10,4.6,Low,Yes,No,At-Risk
1504,6.1,74.9,55,10,7.6,High,No,Yes,Average
1505,3.7,72.4,48,7,6.7,High,No,Yes,Average
1506,4.0,68.2,52,4,7.6,Low,Yes,No,At-Risk
1507,3.8,85.4,100,11,8.0,Low,Yes,Yes,Average
1508,3.3,89.3,83,9,7.4,Low,Yes,No,Average
1509,5.1,76.3,44,12,8.0,High,No,Yes,Average
1510,3.3,97.2,45,7,6.9,Low,No,Yes,At-Risk
1511,5.5,57.9,72,14,5.2,Medium,No,No,At-Risk
1512,4.9,72.1,73,6,8.6,Medium,Yes,Yes,Average
1513,4.5,64.2,73,16,6.1,Medium,Yes,Yes,Good
1514,3.2,47.0,61,3,5.6,Low,Yes,Yes,At-Risk
1515,3.8,73.8,63,11,6.7,Low,Yes,No,At-Risk
1516,6.5,73.2,69,11,5.6,High,No,Yes,Good
1517,6.0,97.7,66,6,6.4,High,No,Yes,Good
1518,3.0,84.5,31,11,7.5,High,Yes,Yes,At-Risk
1519,5.2,59.6,61,15,7.5,Low,Yes,Yes,Average
1520,6.5,100.0,52,1,5.7,Medium,Yes,Yes,Average
1521,1.7,93.3,67,12,6.3,Medium,Yes,Yes,At-Risk
1522,6.1,83.7,100,0,8.6,Medium,Yes,Yes,Good
1523,3.7,71.6,70,6,7.7,High,Yes,Yes,Average
1524,6.1,60.6,60,16,10.0,Medium,Yes,Yes,Good
1525,3.5,69.4,78,7,8.8,Low,Yes,Yes,At-Risk
1526,1.4,91.3,72,5,8.7,High,Yes,No,At-Risk
1527,1.7,100.0,71,9,4.9,High,Yes,No,Average
1528,5.1,98.1,74,18,8.1,Low,No,Yes,Good
1529,5.5,67.7,95,2,6.9,Medium,Yes,Yes,Average
1530,3.2,58.2,48,5,6.2,Medium,No,Yes,At-Risk
1531,6.3,77.1,72,15,7.3,Medium,Yes,Yes,Good
1532,1.7,48.5,51,17,8.4,Low,Yes,Yes,At-Risk
1533,4.9,79.8,73,9,7.8,Medium,Yes,Yes,Good
1534,2.6,72.8,51,5,5.7,High,Yes,Yes,At-Risk
1535,3.7,68.0,58,18,8.1,Medium,No,No,Average
1536,5.1,51.1,60,16,6.0,Low,Yes,Yes,At-Risk
1537,3.3,82.7,79,12,7.3,Medium,No,Yes,Average
1538,4.2,67.0,78,6,6.5,Medium,No,Yes,At-Risk
1539,7.0,57.5,46,9,6.7,High,Yes,No,Good
1540,3.8,31.9,65,9,8.1,Medium,Yes,Yes,At-Risk
1541,6.7,74.6,54,11,5.4,Low,No,Yes,Average
1542,2.7,100.0,46,15,9.9,Low,Yes,Yes,Average
1543,6.1,99.9,61,13,4.3,High,No,Yes,Good
1544,7.9,68.1,60,5,6.1,Medium,Yes,Yes,Good
1545,0.1,66.0,100,15,7.6,High,Yes,Yes,Average
1546,3.4,82.0,71,11,7.9,Low,Yes,Yes,Average
1547,6.2,60.0,44,12,6.8,Medium,Yes,Yes,Average
1548,4.6,79.5,56,15,6.9,Medium,No,Yes,Average
1549,5.7,86.5,80,5,7.6,High,Yes,No,Good
1550,3.8,93.4,96,9,6.7,High,No,Yes,Good
1551,5.2,73.5,41,7,9.1,Low,Yes,Yes,Average
1552,4.7,71.9,36,3,8.3,Medium,Yes,Yes,At-Risk
1553,7.3,61.8,93,11,8.3,Low,Yes,Yes,Good
1554,5.5,62.6,70,20,5.6,Medium,Yes,Yes,Good
1555,5.7,71.6,51,2,6.9,Medium,Yes,Yes,At-Risk
1556,4.2,80.5,73,9,6.5,High,Yes,No,Good
1557,4.0,88.7,25,12,5.5,High,No,No,At-Risk
1558,4.1,63.0,65,10,7.5,Medium,Yes,Yes,Average
1559,5.8,97.4,69,9,6.2,Medium,Yes,Yes,Good
1560,4.2,70.9,78,4,8.0,High,No,Yes,Average
1561,5.6,74.7,49,10,5.4,High,No,Yes,Average
1562,9.2,63.8,66,6,9.6,Low,Yes,Yes,Good
1563,6.7,38.6,51,1,5.7,Medium,Yes,Yes,At-Risk
1564,4.3,88.3,68,14,7.3,Medium,No,No,Good
1565,7.4,86.1,51,13,8.2,Low,No,Yes,Average
1566,4.2,70.8,58,10,6.1,Low,Yes,No,At-Risk
1567,0.9,76.0,50,10,8.3,Low,Yes,Yes,At-Risk
1568,3.0,82.7,74,14,5.2,Medium,No,Yes,Average
1569,1.3,51.6,77,10,9.2,Medium,Yes,Yes,Average
1570,4.3,67.1,61,13,7.0,Low,No,Yes,At-Risk
1571,5.0,86.9,65,8,6.1,Low,Yes,Yes,At-Risk
1572,8.4,56.2,43,15,6.6,High,No,Yes,Good
1573,5.7,79.4,60,11,8.2,High,Yes,Yes,Good
1574,4.6,54.7,64,10,6.1,Medium,Yes,No,At-Risk
1575,6.7,82.0,100,4,5.9,Medium,No,Yes,Good
1576,0.6,74.5,48,11,6.7,High,Yes,Yes,At-Risk
1577,5.5,50.8,86,6,5.2,Low,Yes,No,Average
1578,6.5,92.5,79,7,9.7,Low,Yes,Yes,Good
1579,2.0,64.0,69,6,6.2,Medium,Yes,Yes,At-Risk
1580,7.3,62.8,91,5,8.2,Low,Yes,Yes,Good
1581,5.7,78.0,70,18,7.3,Medium,No,Yes,Average
1582,4.2,92.2,70,15,5.5,High,Yes,No,Good
1583,6.3,59.8,64,17,7.0,Medium,Yes,Yes,Good
1584,9.5,75.9,83,5,8.2,Medium,Yes,Yes,Good
1585,5.4,81.4,81,10,6.7,High,No,Yes,Good
1586,5.5,85.4,55,4,8.8,Low,No,Yes,Average
1587,4.1,77.6,45,7,8.5,Low,Yes,Yes,At-Risk
1588,3.3,69.5,61,6,8.4,Medium,Yes,No,Average
1589,6.7,62.6,52,14,6.3,Medium,No,Yes,Average
1590,3.3,76.3,64,8,5.4,Low,Yes,Yes,At-Risk
1591,5.1,58.9,83,14,6.1,Medium,No,Yes,Average
1592,4.0,31.2,58,12,7.3,Medium,No,Yes,At-Risk
1593,6.0,81.5,64,19,7.8,Medium,No,Yes,Good
1594,5.7,88.6,65,4,3.7,Medium,Yes,No,Average
1595,7.1,39.6,77,15,7.0,Medium,No,Yes,Good
1596,4.0,59.9,31,14,7.2,Low,No,Yes,At-Risk
1597,4.5,84.3,55,6,6.6,Medium,No,Yes,Average
1598,3.0,100.0,68,14,8.9,Low,Yes,Yes,Average
1599,4.1,75.3,83,11,7.6,High,Yes,Yes,Good
1600,5.8,64.1,57,9,9.0,Medium,Yes,Yes,Good
1601,6.5,72.3,36,6,6.7,Medium,Yes,Yes,Average
1602,3.2,95.6,74,7,8.4,High,No,No,Good
1603,6.7,65.3,55,18,9.5,Medium,Yes,Yes,Good
1604,7.7,63.0,47,10,9.0,Medium,Yes,Yes,Good
1605,5.8,67.8,55,13,5.4,High,Yes,Yes,Average
1606,8.8,60.7,62,6,6.6,High,No,Yes,Good
1607,3.5,76.8,55,6,6.5,Medium,No,No,At-Risk
1608,2.5,99.4,31,14,7.7,Low,Yes,No,At-Risk
1609,1.4,79.8,78,4,8.0,Medium,Yes,Yes,At-Risk
1610,8.0,71.2,84,8,5.7,High,Yes,No,Good
1611,6.3,70.6,74,10,7.1,Low,No,Yes,Average
1612,4.9,51.6,47,10,4.0,Low,No,No,At-Risk
1613,5.6,88.2,61,9,9.2,High,No,Yes,Good
1614,2.7,73.8,64,11,6.2,Low,Yes,Yes,At-Risk
1615,9.9,72.3,73,12,7.1,High,No,Yes,Good
1616,5.3,100.0,75,12,6.5,Medium,Yes,No,Good
1617,5.2,79.5,53,6,8.7,Medium,No,Yes,Average
1618,6.5,63.7,66,8,3.0,Low,Yes,Yes,At-Risk
1619,6.0,68.6,71,14,7.0,High,No,Yes,Good
1620,5.4,92.2,86,13,6.8,Medium,Yes,Yes,Good
1621,3.4,76.7,75,4,6.3,Medium,No,Yes,Average
1622,5.9,53.4,76,11,9.6,Medium,No,No,Good
1623,8.8,88.8,66,2,5.7,High,Yes,Yes,Good
1624,7.7,65.0,86,10,8.2,High,Yes,No,Good
1625,8.2,100.0,71,17,7.5,Medium,No,Yes,Good
1626,4.0,91.2,52,6,8.9,Medium,Yes,Yes,Good
1627,3.0,68.3,86,6,6.0,High,Yes,Yes,Average
1628,4.7,94.2,75,13,5.9,Medium,Yes,Yes,Average
1629,5.1,76.0,58,3,8.6,Medium,No,Yes,Average
1630,7.2,87.8,57,7,7.6,Low,Yes,Yes,Good
1631,1.6,82.3,69,12,4.7,High,Yes,Yes,At-Risk
1632,8.1,62.3,71,7,6.2,Medium,Yes,Yes,Good
1633,4.7,65.3,67,9,7.6,Medium,Yes,Yes,Average
1634,4.1,90.4,69,12,8.3,Medium,No,Yes,Good
1635,3.0,70.0,90,11,6.0,Low,No,Yes,Average
1636,1.7,68.9,81,11,3.0,Medium,No,Yes,At-Risk
1637,6.6,60.7,67,8,7.8,Low,Yes,Yes,Average
1638,5.1,81.4,79,11,5.2,Medium,No,Yes,Good
1639,2.4,100.0,49,9,4.0,Medium,Yes,Yes,At-Risk
1640,2.4,59.0,70,11,3.0,Medium,Yes,Yes,At-Risk
1641,4.3,75.4,92,8,8.2,High,No,Yes,Good
1642,8.3,96.2,61,9,7.2,High,No,Yes,Good
1643,4.5,73.8,52,6,6.7,High,No,Yes,At-Risk
1644,2.0,81.8,55,9,9.1,Low,No,Yes,At-Risk
1645,4.5,59.1,48,6,8.0,Low,Yes,Yes,At-Risk
1646,4.5,81.4,53,5,9.4,Medium,Yes,Yes,Average
1647,0.0,72.2,59,11,4.9,High,No,Yes,At-Risk
1648,4.9,89.8,43,10,6.9,High,Yes,Yes,Average
1649,4.5,92.8,65,13,4.6,High,Yes,Yes,Good
1650,6.4,100.0,78,8,6.7,Medium,No,Yes,Good
1651,8.7,83.7,51,11,6.6,Medium,No,Yes,Average
1652,7.3,79.9,87,12,7.9,Medium,Yes,No,Good
1653,4.5,77.9,72,11,7.1,Low,No,No,At-Risk
1654,2.8,69.7,80,6,7.9,Low,No,Yes,At-Risk
1655,10.1,80.1,55,10,8.1,High,No,Yes,Good
1656,5.1,70.6,77,11,10.0,Low,Yes,Yes,Good
1657,5.0,77.5,48,10,6.5,Low,Yes,Yes,At-Risk
1658,5.0,94.8,78,1,5.6,Low,Yes,Yes,Average
1659,5.4,59.9,67,10,7.4,High,Yes,Yes,Average
1660,4.7,92.1,73,18,5.8,Medium,Yes,Yes,Good
1661,3.9,94.8,47,8,9.2,Medium,Yes,Yes,Average
1662,3.9,73.2,51,7,6.6,High,Yes,No,Average
1663,4.9,43.2,73,11,6.2,Medium,No,Yes,Average
1664,3.9,65.9,50,11,6.3,Medium,Yes,No,At-Risk
1665,3.6,94.5,71,14,8.1,Low,No,No,Average
1666,5.2,74.7,44,4,6.8,Low,No,Yes,At-Risk
1667,4.5,60.0,77,12,6.0,High,Yes,Yes,Average
1668,8.0,67.4,46,12,9.5,High,No,Yes,Good
1669,0.0,87.6,73,9,5.7,Medium,No,Yes,At-Risk
1670,7.2,83.2,74,11,7.1,Medium,Yes,Yes,Good
1671,7.5,71.4,54,14,8.0,Medium,No,Yes,Good
1672,0.9,69.5,73,13,4.6,Low,Yes,Yes,At-Risk
1673,4.3,69.1,68,5,7.7,Low,No,Yes,At-Risk
1674,4.3,61.2,56,13,5.4,Low,Yes,Yes,At-Risk
1675,2.2,99.2,49,9,8.2,Medium,No,Yes,At-Risk
1676,3.4,70.2,35,10,5.6,High,Yes,Yes,At-Risk
1677,2.8,93.3,70,10,8.0,Medium,No,Yes,Average
1678,8.5,97.8,41,9,8.7,Low,Yes,Yes,Good
1679,6.9,90.0,66,14,8.3,Medium,No,Yes,Good
1680,7.5,68.5,61,9,7.4,High,No,Yes,Good
1681,6.4,81.1,75,5,6.7,Low,Yes,Yes,Average
1682,2.7,74.6,60,8,6.1,Low,No,No,At-Risk
1683,4.0,61.4,60,10,9.2,Medium,Yes,Yes,Average
1684,6.0,79.9,75,14,6.0,High,No,Yes,Good
1685,2.6,57.3,70,12,5.4,Medium,Yes,Yes,At-Risk
1686,6.4,92.8,69,6,8.0,High,No,No,Good
1687,4.5,68.0,72,19,5.8,High,No,Yes,Good
1688,4.3,78.0,41,11,5.6,High,Yes,Yes,At-Risk
1689,6.4,79.2,76,15,4.8,Medium,Yes,Yes,Good
1690,5.9,71.1,74,9,6.3,Medium,Yes,Yes,Average
1691,4.3,83.8,49,12,6.9,Low,No,Yes,At-Risk
1692,7.3,67.9,61,13,7.4,High,Yes,Yes,Good
1693,2.8,88.1,64,14,8.4,Medium,Yes,No,At-Risk
1694,6.2,54.8,62,14,7.8,Low,No,Yes,Average
1695,6.2,76.9,70,13,6.7,Medium,Yes,Yes,Good
1696,4.4,100.0,86,8,6.7,Medium,No,Yes,Good
1697,5.7,60.0,81,7,7.8,Medium,Yes,Yes,Good
1698,2.5,64.8,45,11,8.9,Medium,Yes,No,At-Risk
1699,6.8,82.7,74,13,7.2,Medium,No,Yes,Good
1700,4.6,77.7,84,9,6.3,High,Yes,Yes,Good
1701,4.0,80.3,70,14,5.5,Medium,Yes,Yes,Average
1702,7.1,82.3,81,15,4.8,Medium,No,No,Good
1703,3.6,84.5,95,6,8.0,Medium,Yes,Yes,Average
1704,2.2,91.6,80,6,7.9,Medium,No,Yes,At-Risk
1705,1.9,81.1,68,9,7.9,High,No,Yes,At-Risk
1706,6.2,71.4,80,11,6.8,Medium,Yes,Yes,Good
1707,2.4,85.1,67,7,9.1,Medium,Yes,No,At-Risk
1708,8.5,100.0,65,15,6.3,Low,No,Yes,Good
1709,0.8,73.0,59,11,8.4,High,Yes,Yes,At-Risk
1710,8.4,60.4,88,10,6.9,Medium,Yes,Yes,Good
1711,5.4,91.6,52,4,6.1,High,No,Yes,Average
1712,4.8,73.2,87,4,7.9,Low,Yes,Yes,Average
1713,3.9,42.4,72,11,7.6,Low,No,No,At-Risk
1714,5.8,87.7,44,1,7.5,Medium,Yes,Yes,Average
1715,4.9,67.0,70,14,7.1,High,Yes,No,Average
1716,7.2,73.6,33,9,6.9,Medium,Yes,Yes,Average
1717,5.2,80.0,74,20,10.0,High,No,Yes,Good
1718,5.3,77.9,78,19,8.8,Medium,No,Yes,Good
1719,4.3,85.6,56,9,8.1,Medium,No,Yes,Average
1720,4.9,68.5,66,9,7.2,Low,Yes,No,At-Risk
1721,5.6,82.7,94,13,8.5,High,Yes,No,Good
1722,1.6,71.1,57,16,7.8,Low,Yes,Yes,At-Risk
1723,2.3,86.1,49,3,7.0,High,Yes,Yes,At-Risk
1724,6.5,84.2,87,2,6.5,High,No,Yes,Good
1725,5.3,61.0,94,7,6.9,High,No,No,Good
1726,4.6,91.3,65,12,3.0,Medium,Yes,No,Good
1727,5.0,67.0,80,11,7.3,Medium,No,Yes,Good
1728,5.7,87.1,85,14,6.3,High,Yes,Yes,Good
1729,3.9,80.5,53,5,9.4,Low,No,Yes,At-Risk
1730,3.4,100.0,57,0,7.0,Medium,Yes,Yes,At-Risk
1731,5.4,71.6,83,13,5.2,Low,Yes,Yes,At-Risk
1732,3.0,69.8,90,6,6.9,Medium,Yes,Yes,Average
1733,5.8,74.7,73,1,5.4,Low,Yes,Yes,At-Risk
1734,1.6,70.5,51,10,7.7,Low,No,Yes,At-Risk
1735,7.1,87.0,94,13,7.4,Medium,Yes,No,Good
1736,5.9,50.8,57,9,8.4,Medium,Yes,Yes,At-Risk
1737,5.5,59.2,59,8,5.8,Medium,No,Yes,At-Risk
1738,7.0,59.0,70,9,7.1,Low,No,Yes,Average
1739,8.3,89.3,88,8,5.0,Medium,No,Yes,Good
1740,7.0,100.0,77,4,8.1,Low,Yes,Yes,Good
1741,1.3,73.4,71,7,7.8,Medium,No,Yes,At-Risk
1742,2.4,72.5,71,12,7.7,Medium,No,Yes,At-Risk
1743,3.8,76.1,65,11,7.0,Medium,Yes,Yes,At-Risk
1744,5.1,92.4,73,10,7.6,High,Yes,Yes,Good
1745,6.0,61.1,27,6,9.4,Medium,Yes,Yes,At-Risk
1746,3.5,78.6,60,9,6.6,High,Yes,Yes,Average
1747,5.4,89.6,68,1,7.2,Medium,Yes,Yes,Average
1748,3.5,82.5,47,10,5.4,Medium,Yes,Yes,At-Risk
1749,3.8,77.8,70,15,5.7,Medium,No,Yes,Average
1750,2.2,90.0,61,4,7.1,Low,No,Yes,At-Risk
1751,3.2,34.5,91,7,8.7,Medium,No,Yes,Average
1752,2.3,85.2,88,11,6.6,Medium,No,No,At-Risk
1753,3.0,65.2,58,15,6.6,Medium,Yes,Yes,At-Risk
1754,7.1,47.5,62,8,6.4,Low,No,Yes,At-Risk
1755,3.1,82.7,63,7,6.2,Low,No,Yes,At-Risk
1756,10.3,95.6,58,2,7.4,High,Yes,Yes,Good
1757,6.0,72.9,67,10,4.8,Medium,No,Yes,Average
1758,5.4,89.3,53,18,8.9,Low,No,Yes,Average
1759,3.3,99.2,48,11,6.0,Medium,Yes,Yes,At-Risk
1760,6.4,94.7,74,9,8.1,Medium,No,No,Good
1761,3.8,99.6,74,11,5.1,High,Yes,Yes,Good
1762,5.2,86.1,52,9,8.0,Low,Yes,Yes,Average
1763,10.1,76.1,78,6,8.0,Low,Yes,No,Good
1764,4.8,51.0,55,13,7.6,High,No,Yes,Good
1765,7.3,71.3,68,10,5.5,Low,No,Yes,At-Risk
1766,3.6,62.4,77,10,7.4,Low,No,Yes,At-Risk
1767,4.9,100.0,64,6,5.2,High,Yes,Yes,Average
1768,8.5,72.4,71,15,6.6,Medium,Yes,Yes,Good
1769,3.7,76.8,57,12,8.5,Medium,No,Yes,At-Risk
1770,8.6,83.3,62,7,8.2,Low,No,Yes,Good
1771,6.4,75.7,61,14,7.0,Low,Yes,Yes,Average
1772,3.9,100.0,53,8,5.5,Low,Yes,No,At-Risk
1773,6.3,65.7,62,6,8.0,High,No,Yes,Average
1774,6.9,77.9,41,6,7.0,Medium,No,Yes,Average
1775,6.2,63.9,57,2,3.5,High,Yes,No,Average
1776,1.9,55.2,60,11,8.2,High,Yes,Yes,At-Risk
1777,3.5,65.8,61,2,7.0,Medium,No,Yes,At-Risk
1778,4.5,74.4,61,5,8.8,Low,No,Yes,Average
1779,4.9,68.6,64,1,5.4,Medium,Yes,Yes,At-Risk
1780,6.2,64.6,72,9,3.0,High,Yes,Yes,Average
1781,5.4,53.9,78,9,7.4,High,No,Yes,Good
1782,2.3,73.8,55,8,7.4,Low,Yes,No,At-Risk
1783,5.8,52.4,46,5,4.5,Medium,Yes,No,At-Risk
1784,6.2,86.4,49,5,5.5,Medium,Yes,No,At-Risk
1785,6.1,76.2,57,11,10.0,High,Yes,No,Good
1786,7.2,53.1,59,7,6.5,Low,No,Yes,At-Risk
1787,6.7,70.4,53,11,8.1,Medium,Yes,Yes,Good
1788,5.9,63.7,45,6,6.0,High,No,No,At-Risk
1789,4.9,79.8,58,10,3.9,Medium,Yes,Yes,At-Risk
1790,1.7,95.1,67,15,6.7,Medium,Yes,No,At-Risk
1791,5.9,46.9,73,12,6.6,Low,Yes,Yes,Average
1792,5.4,76.7,56,8,6.4,Medium,No,Yes,Average
1793,5.5,72.6,58,11,6.8,Medium,No,Yes,Average
1794,2.4,85.1,51,9,7.4,High,Yes,No,At-Risk
1795,2.8,78.2,64,10,6.8,Medium,No,Yes,At-Risk
1796,7.1,63.7,52,8,5.1,Medium,No,Yes,Good
1797,4.9,70.2,73,9,7.7,Medium,No,Yes,Good
1798,6.4,63.1,38,10,4.1,Low,Yes,Yes,At-Risk
1799,5.1,91.1,59,6,3.9,Medium,No,Yes,At-Risk
1800,5.1,75.3,69,5,8.1,High,Yes,Yes,Good
1801,6.9,100.0,67,4,7.8,High,Yes,Yes,Good
1802,4.0,74.1,100,3,6.9,Medium,No,Yes,Good
1803,5.2,64.4,70,5,4.9,Medium,Yes,Yes,Average
1804,4.1,52.3,49,10,5.9,Low,Yes,Yes,At-Risk
1805,4.1,48.0,63,6,6.6,High,Yes,Yes,At-Risk
1806,4.4,51.2,38,12,4.6,Low,No,Yes,At-Risk
1807,5.4,79.0,63,10,5.9,High,No,No,Good
1808,4.0,82.6,52,2,8.0,Medium,Yes,Yes,Average
1809,7.5,51.3,78,12,9.1,High,No,Yes,Good
1810,3.2,88.4,56,13,6.4,High,Yes,Yes,Average
1811,4.6,67.8,63,6,8.1,High,Yes,Yes,At-Risk
1812,4.1,77.2,55,11,4.1,Low,No,Yes,At-Risk
1813,7.9,99.2,91,6,8.0,Medium,Yes,Yes,Good
1814,5.4,88.5,60,10,5.8,Medium,Yes,Yes,Average
1815,7.1,71.0,92,4,7.5,High,Yes,Yes,Good
1816,2.0,61.6,77,2,6.6,Low,No,Yes,At-Risk
1817,5.5,42.7,72,8,9.0,High,Yes,Yes,Good
1818,6.8,64.2,70,9,5.7,High,No,Yes,Good
1819,5.2,71.8,70,8,7.9,Medium,No,Yes,Average
1820,7.1,60.2,36,5,6.6,High,Yes,Yes,Average
1821,4.0,73.0,60,8,6.8,Medium,No,No,At-Risk
1822,7.8,76.2,77,11,6.7,Medium,Yes,Yes,Good
1823,9.6,71.6,64,9,5.7,Medium,Yes,Yes,Good
1824,4.3,65.2,43,10,7.0,Medium,No,Yes,At-Risk
1825,4.1,77.5,64,7,6.9,High,No,No,Average
1826,7.9,81.6,90,14,7.4,Medium,Yes,Yes,Good
1827,8.2,58.6,83,5,7.1,Medium,Yes,Yes,Good
1828,4.0,96.2,64,11,8.2,Medium,Yes,Yes,Good
1829,4.2,73.5,79,14,8.4,High,Yes,No,Good
1830,4.4,75.3,59,11,5.4,Low,Yes,No,At-Risk
1831,2.3,85.6,39,9,8.3,High,Yes,No,At-Risk
1832,3.2,78.5,51,7,5.2,Medium,No,Yes,At-Risk
1833,3.0,89.3,88,14,7.9,Medium,Yes,Yes,Good
1834,3.5,79.3,60,4,7.9,Low,Yes,Yes,At-Risk
1835,4.9,65.8,61,6,4.1,Medium,No,Yes,At-Risk
1836,5.5,80.4,60,8,7.1,High,No,No,Average
1837,8.1,57.8,93,14,6.3,Medium,Yes,Yes,Good
1838,3.0,76.6,89,11,5.9,High,Yes,Yes,Average
1839,7.0,74.5,98,6,9.0,Low,No,Yes,Good
1840,4.6,71.9,62,8,6.0,Medium,Yes,Yes,Average
1841,4.9,73.1,69,7,5.8,High,Yes,Yes,Average
1842,6.3,46.8,42,7,7.1,High,No,Yes,Average
1843,2.8,66.8,87,13,8.0,Low,Yes,Yes,At-Risk
1844,5.8,76.4,47,4,6.8,Medium,Yes,Yes,At-Risk
1845,5.3,77.4,68,16,8.7,Low,Yes,Yes,Average
1846,6.0,59.6,48,13,7.8,Medium,Yes,Yes,Average
1847,5.6,94.0,56,14,3.7,High,Yes,Yes,Good
1848,9.9,62.0,52,8,6.2,High,No,Yes,Good
1849,3.7,89.5,55,9,6.2,Low,Yes,Yes,At-Risk
1850,3.9,81.4,56,4,7.7,High,Yes,Yes,At-Risk
1851,3.8,65.3,56,7,3.1,Medium,Yes,Yes,At-Risk
1852,3.9,100.0,77,11,10.0,Medium,No,Yes,Good
1853,3.7,57.1,48,15,7.8,Medium,Yes,No,At-Risk
1854,7.4,88.8,68,5,7.2,Medium,Yes,No,Good
1855,7.8,90.0,83,8,8.8,Medium,No,No,Good
1856,3.9,64.9,57,9,10.0,Medium,Yes,Yes,Average
1857,3.3,95.9,54,4,8.3,Medium,Yes,No,At-Risk
1858,5.9,71.2,61,12,8.4,Low,Yes,No,Good
1859,3.9,79.3,82,7,7.2,High,Yes,No,Average
1860,6.3,78.9,67,9,6.8,Medium,Yes,Yes,Good
1861,5.4,73.0,57,8,6.3,Low,No,Yes,At-Risk
1862,2.0,87.2,72,6,5.8,High,Yes,No,At-Risk
1863,8.1,86.9,48,9,6.0,High,No,Yes,Average
1864,8.6,48.8,75,9,5.0,High,Yes,Yes,Good
1865,3.8,94.6,71,8,6.9,Medium,Yes,No,Average
1866,4.2,50.1,60,7,4.5,Low,Yes,Yes,At-Risk
1867,5.6,90.5,52,11,7.3,Medium,No,Yes,Average
1868,5.7,91.9,51,16,6.9,Low,Yes,Yes,Average
1869,6.3,58.6,73,10,7.2,High,No,No,Good
1870,9.0,68.8,83,13,6.2,Low,Yes,Yes,Good
1871,4.6,58.4,55,4,10.0,Medium,Yes,Yes,Average
1872,3.4,71.8,71,10,9.0,Medium,Yes,Yes,Average
1873,2.2,70.4,33,5,5.1,Medium,Yes,Yes,At-Risk
1874,3.5,86.7,56,4,7.3,High,Yes,Yes,Average
1875,4.9,94.7,64,7,6.1,Medium,Yes,No,Average
1876,8.6,95.9,51,14,5.5,Low,No,No,Average
1877,4.0,66.6,50,13,5.0,Medium,Yes,Yes,At-Risk
1878,5.4,71.9,54,10,7.6,Medium,No,Yes,Average
1879,5.0,49.7,69,3,6.0,Low,Yes,Yes,Average
1880,7.4,62.9,62,9,8.5,Medium,Yes,Yes,Good
1881,10.1,89.5,31,11,8.5,Medium,No,Yes,Good
1882,3.9,99.2,33,10,9.1,High,Yes,No,Average
1883,4.0,56.5,55,2,5.7,High,Yes,No,At-Risk
1884,7.1,66.1,71,6,7.7,High,No,Yes,Good
1885,6.4,74.6,23,9,7.9,High,No,Yes,Average
1886,8.7,79.2,57,12,6.3,Low,Yes,Yes,Good
1887,6.2,62.9,57,1,5.8,Low,Yes,Yes,At-Risk
1888,4.3,81.4,85,9,9.4,Medium,No,Yes,Good
1889,6.2,67.9,59,10,7.3,High,Yes,No,Good
1890,7.2,74.8,70,13,8.0,High,No,No,Good
1891,6.6,83.2,67,12,5.8,High,Yes,Yes,Good
1892,6.0,75.1,33,12,5.2,Low,Yes,No,At-Risk
1893,7.1,68.5,76,6,6.1,High,No,Yes,Good
1894,7.3,73.4,68,2,6.8,Medium,Yes,Yes,Average
1895,7.8,73.7,72,8,5.4,Low,Yes,Yes,Average
1896,6.3,69.4,100,14,7.0,Medium,Yes,Yes,Good
1897,4.7,71.1,33,15,4.5,Low,No,No,At-Risk
1898,5.3,99.0,90,12,5.3,Medium,No,Yes,Good
1899,7.4,83.4,60,11,8.0,Medium,Yes,Yes,Good
1900,3.4,70.6,69,11,7.9,Medium,Yes,Yes,Average
1901,5.7,85.5,64,7,6.4,Medium,No,Yes,Average
1902,4.2,70.0,58,9,5.5,High,No,Yes,Average
1903,5.1,92.6,56,16,5.5,Medium,No,Yes,Average
1904,7.6,80.5,69,6,6.4,Medium,Yes,Yes,Good
1905,5.4,73.4,42,16,8.0,High,No,Yes,Average
1906,5.1,81.7,76,8,8.4,High,No,Yes,Good
1907,2.3,51.4,58,15,6.3,Low,Yes,Yes,At-Risk
1908,6.5,58.1,48,4,5.3,Medium,Yes,Yes,At-Risk
1909,6.3,57.1,58,12,7.4,Medium,Yes,Yes,Average
1910,9.3,77.1,83,7,5.8,Low,No,No,Good
1911,4.4,100.0,56,4,6.2,Medium,Yes,Yes,At-Risk
1912,5.4,100.0,70,10,9.0,High,No,Yes,Good
1913,5.5,84.6,54,14,8.2,Low,No,Yes,Average
1914,8.2,82.5,76,6,7.2,High,No,Yes,Good
1915,4.8,48.0,75,4,5.1,High,No,Yes,At-Risk
1916,5.6,66.9,92,9,7.3,High,No,Yes,Good
1917,6.2,63.2,62,9,8.6,Medium,Yes,Yes,Good
1918,5.4,65.7,75,12,6.4,High,No,Yes,Average
1919,4.1,72.5,66,13,9.0,Medium,Yes,Yes,Average
1920,5.4,67.9,84,9,8.9,Medium,No,Yes,Average
1921,7.1,45.3,54,17,9.5,Low,Yes,Yes,Average
1922,2.9,86.2,76,10,7.5,Low,No,Yes,Average
1923,5.3,58.9,62,8,7.9,High,No,Yes,Average
1924,3.6,78.6,64,3,9.1,Medium,No,Yes,Average
1925,7.4,100.0,66,8,7.7,Medium,Yes,Yes,Good
1926,2.0,61.2,68,8,6.2,Low,Yes,Yes,At-Risk
1927,3.9,37.0,63,13,6.3,Medium,No,Yes,Average
1928,5.8,70.7,68,11,7.4,Low,Yes,Yes,Average
1929,8.1,91.5,88,5,5.1,High,No,No,Good
1930,4.9,100.0,79,10,6.8,Low,Yes,Yes,Good
1931,3.9,56.6,78,12,8.6,Low,No,Yes,Average
1932,8.8,82.5,58,16,3.7,Medium,Yes,Yes,Good
1933,2.1,68.0,51,13,9.3,Medium,No,Yes,At-Risk
1934,0.6,73.4,79,13,8.7,Medium,No,Yes,At-Risk
1935,5.9,100.0,78,10,6.3,Medium,Yes,Yes,Good
1936,4.0,52.5,87,11,7.8,High,Yes,Yes,Good
1937,3.0,78.8,55,14,7.0,Medium,Yes,Yes,At-Risk
1938,6.4,82.0,61,4,8.8,Low,No,Yes,Good
1939,5.5,91.3,40,8,8.5,Medium,Yes,Yes,Average
1940,3.9,76.5,59,6,4.9,High,No,Yes,At-Risk
1941,2.4,79.6,79,11,7.9,Medium,Yes,Yes,Average
1942,6.7,69.1,58,14,6.7,Low,Yes,Yes,Good
1943,6.3,79.0,74,7,7.1,High,Yes,Yes,Good
1944,4.8,69.9,62,0,5.9,Medium,Yes,Yes,At-Risk
1945,8.7,84.3,69,8,9.6,Medium,Yes,Yes,Good
1946,2.9,69.5,47,13,8.6,Low,No,No,At-Risk
1947,1.9,80.7,66,12,5.9,Low,No,Yes,At-Risk
1948,3.6,74.6,20,11,5.0,Medium,Yes,Yes,At-Risk
1949,4.9,91.9,62,8,6.4,Low,No,No,At-Risk
1950,5.5,74.2,40,4,7.7,Medium,No,Yes,At-Risk
1951,4.5,48.4,83,12,7.4,Medium,Yes,Yes,At-Risk
1952,5.7,93.9,76,6,8.9,Medium,Yes,No,Good
1953,2.5,61.4,72,18,8.2,High,Yes,Yes,Good
1954,7.9,65.2,87,12,8.5,High,Yes,Yes,Good
1955,4.8,66.1,50,7,7.5,High,No,Yes,Average
1956,7.2,95.6,91,7,4.9,Low,No,Yes,Good
1957,5.7,43.0,78,9,6.7,Low,Yes,Yes,At-Risk
1958,5.9,100.0,61,9,8.6,Medium,Yes,Yes,Good
1959,6.1,90.8,82,14,6.9,Low,No,No,Good
1960,5.9,78.3,48,10,7.8,High,No,No,Average
1961,6.3,74.2,52,7,6.5,Low,No,No,At-Risk
1962,7.7,79.3,55,17,5.5,Medium,No,No,Good
1963,5.4,82.8,57,10,6.8,Medium,Yes,No,Average
1964,6.4,84.7,49,13,7.5,Medium,No,Yes,Good
1965,4.8,83.3,83,7,6.0,Low,No,Yes,Average
1966,7.9,76.3,61,11,6.6,Medium,Yes,Yes,Good
1967,3.6,72.0,70,11,5.6,Medium,No,No,At-Risk
1968,8.6,72.7,56,2,8.7,High,Yes,Yes,Good
1969,4.9,72.1,37,18,6.6,Low,Yes,Yes,At-Risk
1970,2.1,92.0,69,15,9.2,High,Yes,Yes,Good
1971,5.3,83.9,36,8,9.3,High,Yes,Yes,Average
1972,3.6,30.9,63,5,6.9,Medium,Yes,Yes,At-Risk
1973,6.7,84.8,44,11,5.5,High,Yes,Yes,Good
1974,3.7,77.9,94,10,3.9,Low,Yes,Yes,At-Risk
1975,4.1,74.7,78,11,4.8,High,Yes,Yes,Average
1976,1.2,69.2,66,10,4.9,Medium,Yes,Yes,At-Risk
1977,4.1,91.9,83,12,9.1,Medium,Yes,Yes,Good
1978,0.2,89.2,52,15,7.2,Medium,No,Yes,At-Risk
1979,1.8,63.4,73,12,7.6,Low,Yes,Yes,At-Risk
1980,6.5,81.1,67,5,3.7,High,Yes,Yes,Good
1981,6.6,60.4,68,15,5.2,Low,No,No,At-Risk
1982,5.9,54.3,84,16,8.3,Medium,No,Yes,Good
1983,3.1,65.6,75,20,7.4,Medium,No,Yes,Average
1984,4.9,87.9,69,5,6.8,High,Yes,Yes,Good
1985,5.0,89.3,40,10,7.8,Low,Yes,Yes,Average
1986,2.7,82.7,50,1,9.5,Medium,No,No,At-Risk
1987,8.0,85.9,63,12,6.7,Medium,Yes,Yes,Good
1988,6.8,82.7,66,7,7.1,High,Yes,Yes,Good
1989,4.6,65.4,48,17,7.3,Low,Yes,Yes,At-Risk
1990,5.1,81.5,100,6,10.0,Low,No,No,Good
1991,5.4,87.0,87,3,3.9,Low,Yes,Yes,Average
1992,0.9,86.3,74,8,8.0,High,No,Yes,Average
1993,4.5,92.8,66,2,6.8,Low,No,Yes,At-Risk
1994,3.6,85.6,61,13,7.9,Medium,Yes,No,Average
1995,3.0,80.3,50,1,6.0,Low,No,Yes,At-Risk
1996,4.4,91.1,66,10,6.9,High,No,Yes,Good
1997,8.6,74.6,68,1,8.1,High,No,Yes,Good
1998,6.3,61.8,46,8,10.0,Medium,Yes,Yes,Average
1999,3.9,72.6,70,16,8.2,Medium,No,Yes,Good
2000,6.1,63.8,62,11,5.7,Low,Yes,Yes,Average
